type,code,isActive,redemptionCount,maxRedemptions,validFrom,validUntil,createdAt
LIFETIME,QLX-LIFE-FECCF77CBF,true,0,1,2026-02-14T06:15:18.736Z,,2026-02-14T06:15:18.743Z
LIFETIME,QLX-LIFE-6B3226BF05,true,0,1,2026-02-14T06:15:18.736Z,,2026-02-14T06:15:18.743Z
LIFETIME,QLX-LIFE-CED763E2FA,true,0,1,2026-02-14T06:15:18.736Z,,2026-02-14T06:15:18.743Z
LIFETIME,QLX-LIFE-77781C930B,true,0,1,2026-02-14T06:15:18.736Z,,2026-02-14T06:15:18.743Z
LIFETIME,QLX-LIFE-CE41E6C1E4,true,0,1,2026-02-14T06:15:18.736Z,,2026-02-14T06:15:18.743Z
LIFETIME,QLX-LIFE-50B6441181,true,0,1,2026-02-14T06:15:18.736Z,,2026-02-14T06:15:18.743Z
LIFETIME,QLX-LIFE-17AB2596C0,true,0,1,2026-02-14T06:15:18.736Z,,2026-02-14T06:15:18.743Z
LIFETIME,QLX-LIFE-53C4AB72DA,true,0,1,2026-02-14T06:15:18.736Z,,2026-02-14T06:15:18.743Z
LIFETIME,QLX-LIFE-477FB00651,true,0,1,2026-02-14T06:15:18.736Z,,2026-02-14T06:15:18.743Z
LIFETIME,QLX-LIFE-F14959D734,true,0,1,2026-02-14T06:15:18.736Z,,2026-02-14T06:15:18.743Z
LIFETIME,QLX-LIFE-33528FFC11,true,0,1,2026-02-14T06:15:18.736Z,,2026-02-14T06:15:18.743Z
LIFETIME,QLX-LIFE-027BEE1A6F,true,0,1,2026-02-14T06:15:18.736Z,,2026-02-14T06:15:18.743Z
LIFETIME,QLX-LIFE-D6B9EA1125,true,0,1,2026-02-14T06:15:18.736Z,,2026-02-14T06:15:18.743Z
LIFETIME,QLX-LIFE-19710CB35B,true,0,1,2026-02-14T06:15:18.736Z,,2026-02-14T06:15:18.743Z
LIFETIME,QLX-LIFE-620EB206D8,true,0,1,2026-02-14T06:15:18.736Z,,2026-02-14T06:15:18.743Z
LIFETIME,QLX-LIFE-FE54412841,true,0,1,2026-02-14T06:15:18.736Z,,2026-02-14T06:15:18.743Z
LIFETIME,QLX-LIFE-4C3347D447,true,0,1,2026-02-14T06:15:18.736Z,,2026-02-14T06:15:18.743Z
LIFETIME,QLX-LIFE-AE207F7A78,true,0,1,2026-02-14T06:15:18.736Z,,2026-02-14T06:15:18.743Z
LIFETIME,QLX-LIFE-29A219E8D3,true,0,1,2026-02-14T06:15:18.736Z,,2026-02-14T06:15:18.743Z
LIFETIME,QLX-LIFE-B23D71E76F,true,0,1,2026-02-14T06:15:18.736Z,,2026-02-14T06:15:18.743Z
LIFETIME,QLX-LIFE-1B82F8777A,true,0,1,2026-02-14T06:15:18.736Z,,2026-02-14T06:15:18.743Z
LIFETIME,QLX-LIFE-D03F9DD09F,true,0,1,2026-02-14T06:15:18.736Z,,2026-02-14T06:15:18.743Z
LIFETIME,QLX-LIFE-2EF2ADD0DD,true,0,1,2026-02-14T06:15:18.736Z,,2026-02-14T06:15:18.743Z
LIFETIME,QLX-LIFE-BD166B4202,true,0,1,2026-02-14T06:15:18.736Z,,2026-02-14T06:15:18.743Z
LIFETIME,QLX-LIFE-2FB0B32968,true,0,1,2026-02-14T06:15:18.736Z,,2026-02-14T06:15:18.743Z
LIFETIME,QLX-LIFE-343C0AB66A,true,0,1,2026-02-14T06:15:18.736Z,,2026-02-14T06:15:18.743Z
LIFETIME,QLX-LIFE-7003A93A38,true,0,1,2026-02-14T06:15:18.736Z,,2026-02-14T06:15:18.743Z
LIFETIME,QLX-LIFE-45BA37BC26,true,0,1,2026-02-14T06:15:18.736Z,,2026-02-14T06:15:18.743Z
LIFETIME,QLX-LIFE-3267C0D2C2,true,0,1,2026-02-14T06:15:18.736Z,,2026-02-14T06:15:18.743Z
LIFETIME,QLX-LIFE-A593A91479,true,0,1,2026-02-14T06:15:18.736Z,,2026-02-14T06:15:18.743Z
LIFETIME,QLX-LIFE-E9F2099D79,true,0,1,2026-02-14T06:15:18.736Z,,2026-02-14T06:15:18.743Z
LIFETIME,QLX-LIFE-3F58B6B676,true,0,1,2026-02-14T06:15:18.736Z,,2026-02-14T06:15:18.743Z
LIFETIME,QLX-LIFE-883F729ACF,true,0,1,2026-02-14T06:15:18.736Z,,2026-02-14T06:15:18.743Z
LIFETIME,QLX-LIFE-872EF9CBAB,true,0,1,2026-02-14T06:15:18.736Z,,2026-02-14T06:15:18.743Z
LIFETIME,QLX-LIFE-0F1940E19B,true,0,1,2026-02-14T06:15:18.736Z,,2026-02-14T06:15:18.743Z
LIFETIME,QLX-LIFE-5108B2B8CC,true,0,1,2026-02-14T06:15:18.736Z,,2026-02-14T06:15:18.743Z
LIFETIME,QLX-LIFE-5062BB4B66,true,0,1,2026-02-14T06:15:18.736Z,,2026-02-14T06:15:18.743Z
LIFETIME,QLX-LIFE-7833687218,true,0,1,2026-02-14T06:15:18.736Z,,2026-02-14T06:15:18.743Z
LIFETIME,QLX-LIFE-19F93FAA77,true,0,1,2026-02-14T06:15:18.736Z,,2026-02-14T06:15:18.743Z
LIFETIME,QLX-LIFE-1D15FA58FC,true,0,1,2026-02-14T06:15:18.736Z,,2026-02-14T06:15:18.743Z
LIFETIME,QLX-LIFE-3A75A34B48,true,0,1,2026-02-14T06:15:18.736Z,,2026-02-14T06:15:18.743Z
LIFETIME,QLX-LIFE-37825DAA34,true,0,1,2026-02-14T06:15:18.736Z,,2026-02-14T06:15:18.743Z
LIFETIME,QLX-LIFE-C2EA2F2312,true,0,1,2026-02-14T06:15:18.736Z,,2026-02-14T06:15:18.743Z
LIFETIME,QLX-LIFE-57783E7239,true,0,1,2026-02-14T06:15:18.736Z,,2026-02-14T06:15:18.743Z
LIFETIME,QLX-LIFE-6784BFB36B,true,0,1,2026-02-14T06:15:18.736Z,,2026-02-14T06:15:18.743Z
LIFETIME,QLX-LIFE-7D94DBFDDE,true,0,1,2026-02-14T06:15:18.736Z,,2026-02-14T06:15:18.743Z
LIFETIME,QLX-LIFE-2FA406EE72,true,0,1,2026-02-14T06:15:18.736Z,,2026-02-14T06:15:18.743Z
LIFETIME,QLX-LIFE-7C47BBAFB2,true,0,1,2026-02-14T06:15:18.736Z,,2026-02-14T06:15:18.743Z
LIFETIME,QLX-LIFE-B6BBB1B0A4,true,0,1,2026-02-14T06:15:18.736Z,,2026-02-14T06:15:18.743Z
LIFETIME,QLX-LIFE-52AE6EA2A4,true,0,1,2026-02-14T06:15:18.736Z,,2026-02-14T06:15:18.743Z
LIFETIME,QLX-LIFE-BED0494F45,true,0,1,2026-02-14T06:20:40.607Z,,2026-02-14T06:20:40.619Z
LIFETIME,QLX-LIFE-23BAFFDCB6,true,0,1,2026-02-14T06:20:40.607Z,,2026-02-14T06:20:40.619Z
LIFETIME,QLX-LIFE-DF08FA683A,true,0,1,2026-02-14T06:20:40.607Z,,2026-02-14T06:20:40.619Z
LIFETIME,QLX-LIFE-67C64E7362,true,0,1,2026-02-14T06:20:40.607Z,,2026-02-14T06:20:40.619Z
LIFETIME,QLX-LIFE-28BEAE2142,true,0,1,2026-02-14T06:20:40.607Z,,2026-02-14T06:20:40.619Z
LIFETIME,QLX-LIFE-46599B6315,true,0,1,2026-02-14T06:20:40.607Z,,2026-02-14T06:20:40.619Z
LIFETIME,QLX-LIFE-2134C555AC,true,0,1,2026-02-14T06:20:40.607Z,,2026-02-14T06:20:40.619Z
LIFETIME,QLX-LIFE-04B088C3CE,true,0,1,2026-02-14T06:20:40.607Z,,2026-02-14T06:20:40.619Z
LIFETIME,QLX-LIFE-3B0C6DD8A6,true,0,1,2026-02-14T06:20:40.607Z,,2026-02-14T06:20:40.619Z
LIFETIME,QLX-LIFE-F135A3FB18,true,0,1,2026-02-14T06:20:40.607Z,,2026-02-14T06:20:40.619Z
LIFETIME,QLX-LIFE-6CB2DDA7BC,true,0,1,2026-02-14T06:20:40.607Z,,2026-02-14T06:20:40.619Z
LIFETIME,QLX-LIFE-5B183AE242,true,0,1,2026-02-14T06:20:40.607Z,,2026-02-14T06:20:40.619Z
LIFETIME,QLX-LIFE-04A28428B9,true,0,1,2026-02-14T06:20:40.607Z,,2026-02-14T06:20:40.619Z
LIFETIME,QLX-LIFE-027006610D,true,0,1,2026-02-14T06:20:40.607Z,,2026-02-14T06:20:40.619Z
LIFETIME,QLX-LIFE-63C510313E,true,0,1,2026-02-14T06:20:40.607Z,,2026-02-14T06:20:40.619Z
LIFETIME,QLX-LIFE-4BB47BED8A,true,0,1,2026-02-14T06:20:40.607Z,,2026-02-14T06:20:40.619Z
LIFETIME,QLX-LIFE-D7EA595592,true,0,1,2026-02-14T06:20:40.607Z,,2026-02-14T06:20:40.619Z
LIFETIME,QLX-LIFE-A8E52DAFD8,true,0,1,2026-02-14T06:20:40.607Z,,2026-02-14T06:20:40.619Z
LIFETIME,QLX-LIFE-79E904DDD4,true,0,1,2026-02-14T06:20:40.607Z,,2026-02-14T06:20:40.619Z
LIFETIME,QLX-LIFE-9D045C1BE5,true,0,1,2026-02-14T06:20:40.607Z,,2026-02-14T06:20:40.619Z
LIFETIME,QLX-LIFE-82C387563D,true,0,1,2026-02-14T06:20:40.607Z,,2026-02-14T06:20:40.619Z
LIFETIME,QLX-LIFE-C6DE3780BE,true,0,1,2026-02-14T06:20:40.607Z,,2026-02-14T06:20:40.619Z
LIFETIME,QLX-LIFE-0294EBDC29,true,0,1,2026-02-14T06:20:40.607Z,,2026-02-14T06:20:40.619Z
LIFETIME,QLX-LIFE-5A439C155F,true,0,1,2026-02-14T06:20:40.607Z,,2026-02-14T06:20:40.619Z
LIFETIME,QLX-LIFE-26B269CB32,true,0,1,2026-02-14T06:20:40.607Z,,2026-02-14T06:20:40.619Z
LIFETIME,QLX-LIFE-CC8F1BDE68,true,0,1,2026-02-14T06:20:40.607Z,,2026-02-14T06:20:40.619Z
LIFETIME,QLX-LIFE-C27C51A5C0,true,0,1,2026-02-14T06:20:40.607Z,,2026-02-14T06:20:40.619Z
LIFETIME,QLX-LIFE-3CD8FB9974,true,0,1,2026-02-14T06:20:40.607Z,,2026-02-14T06:20:40.619Z
LIFETIME,QLX-LIFE-B89B8C7D61,true,0,1,2026-02-14T06:20:40.607Z,,2026-02-14T06:20:40.619Z
LIFETIME,QLX-LIFE-6BA5E5F15D,true,0,1,2026-02-14T06:20:40.607Z,,2026-02-14T06:20:40.619Z
LIFETIME,QLX-LIFE-9614A26E02,true,0,1,2026-02-14T06:20:40.607Z,,2026-02-14T06:20:40.619Z
LIFETIME,QLX-LIFE-C6F9CFAC71,true,0,1,2026-02-14T06:20:40.607Z,,2026-02-14T06:20:40.619Z
LIFETIME,QLX-LIFE-C440819D34,true,0,1,2026-02-14T06:20:40.607Z,,2026-02-14T06:20:40.619Z
LIFETIME,QLX-LIFE-25495B77A7,true,0,1,2026-02-14T06:20:40.607Z,,2026-02-14T06:20:40.619Z
LIFETIME,QLX-LIFE-21B269B092,true,0,1,2026-02-14T06:20:40.607Z,,2026-02-14T06:20:40.619Z
LIFETIME,QLX-LIFE-602CA5BE3C,true,0,1,2026-02-14T06:20:40.607Z,,2026-02-14T06:20:40.619Z
LIFETIME,QLX-LIFE-44B35299F7,true,0,1,2026-02-14T06:20:40.607Z,,2026-02-14T06:20:40.619Z
LIFETIME,QLX-LIFE-ACA0450A4E,true,0,1,2026-02-14T06:20:40.607Z,,2026-02-14T06:20:40.619Z
LIFETIME,QLX-LIFE-187B57ADBC,true,0,1,2026-02-14T06:20:40.607Z,,2026-02-14T06:20:40.619Z
LIFETIME,QLX-LIFE-3B453D8821,true,0,1,2026-02-14T06:20:40.607Z,,2026-02-14T06:20:40.619Z
LIFETIME,QLX-LIFE-6B9BD455DD,true,0,1,2026-02-14T06:20:40.607Z,,2026-02-14T06:20:40.619Z
LIFETIME,QLX-LIFE-B4BC8D831F,true,0,1,2026-02-14T06:20:40.607Z,,2026-02-14T06:20:40.619Z
LIFETIME,QLX-LIFE-D53D2E2DA1,true,0,1,2026-02-14T06:20:40.607Z,,2026-02-14T06:20:40.619Z
LIFETIME,QLX-LIFE-19FBC8F741,true,0,1,2026-02-14T06:20:40.607Z,,2026-02-14T06:20:40.619Z
LIFETIME,QLX-LIFE-53B9405CCE,true,0,1,2026-02-14T06:20:40.607Z,,2026-02-14T06:20:40.619Z
LIFETIME,QLX-LIFE-8499538277,true,0,1,2026-02-14T06:20:40.607Z,,2026-02-14T06:20:40.619Z
LIFETIME,QLX-LIFE-18530DB5AE,true,0,1,2026-02-14T06:20:40.607Z,,2026-02-14T06:20:40.619Z
LIFETIME,QLX-LIFE-B727681AEE,true,0,1,2026-02-14T06:20:40.607Z,,2026-02-14T06:20:40.619Z
LIFETIME,QLX-LIFE-A8DA0EFDED,true,0,1,2026-02-14T06:20:40.607Z,,2026-02-14T06:20:40.619Z
LIFETIME,QLX-LIFE-5A6814378B,true,0,1,2026-02-14T06:20:40.607Z,,2026-02-14T06:20:40.619Z
TRIAL_30D,QLX-TRIAL-754F9E1AC3,true,0,1,2026-02-14T06:15:18.736Z,,2026-02-14T06:15:18.743Z
TRIAL_30D,QLX-TRIAL-5C416B9FE6,true,0,1,2026-02-14T06:15:18.736Z,,2026-02-14T06:15:18.743Z
TRIAL_30D,QLX-TRIAL-B395FB2D94,true,0,1,2026-02-14T06:15:18.736Z,,2026-02-14T06:15:18.743Z
TRIAL_30D,QLX-TRIAL-EBF384616F,true,0,1,2026-02-14T06:15:18.736Z,,2026-02-14T06:15:18.743Z
TRIAL_30D,QLX-TRIAL-3190E9C6EE,true,0,1,2026-02-14T06:15:18.736Z,,2026-02-14T06:15:18.743Z
TRIAL_30D,QLX-TRIAL-37D2AA4185,true,0,1,2026-02-14T06:15:18.736Z,,2026-02-14T06:15:18.743Z
TRIAL_30D,QLX-TRIAL-8407826339,true,0,1,2026-02-14T06:15:18.736Z,,2026-02-14T06:15:18.743Z
TRIAL_30D,QLX-TRIAL-F185A5A875,true,0,1,2026-02-14T06:15:18.736Z,,2026-02-14T06:15:18.743Z
TRIAL_30D,QLX-TRIAL-8F34B1CAC4,true,0,1,2026-02-14T06:15:18.736Z,,2026-02-14T06:15:18.743Z
TRIAL_30D,QLX-TRIAL-5C1D3D98A8,true,0,1,2026-02-14T06:15:18.736Z,,2026-02-14T06:15:18.743Z
TRIAL_30D,QLX-TRIAL-1F825484E0,true,0,1,2026-02-14T06:15:18.736Z,,2026-02-14T06:15:18.743Z
TRIAL_30D,QLX-TRIAL-A9EDAF57EC,true,0,1,2026-02-14T06:15:18.736Z,,2026-02-14T06:15:18.743Z
TRIAL_30D,QLX-TRIAL-A715366773,true,0,1,2026-02-14T06:15:18.736Z,,2026-02-14T06:15:18.743Z
TRIAL_30D,QLX-TRIAL-B36D99631B,true,0,1,2026-02-14T06:15:18.736Z,,2026-02-14T06:15:18.743Z
TRIAL_30D,QLX-TRIAL-04C3230934,true,0,1,2026-02-14T06:15:18.736Z,,2026-02-14T06:15:18.743Z
TRIAL_30D,QLX-TRIAL-29AD681CB9,true,0,1,2026-02-14T06:15:18.736Z,,2026-02-14T06:15:18.743Z
TRIAL_30D,QLX-TRIAL-E93EEF7920,true,0,1,2026-02-14T06:15:18.736Z,,2026-02-14T06:15:18.743Z
TRIAL_30D,QLX-TRIAL-E3D788DE99,true,0,1,2026-02-14T06:15:18.736Z,,2026-02-14T06:15:18.743Z
TRIAL_30D,QLX-TRIAL-2A0882C9CB,true,0,1,2026-02-14T06:15:18.736Z,,2026-02-14T06:15:18.743Z
TRIAL_30D,QLX-TRIAL-B93E178170,true,0,1,2026-02-14T06:15:18.736Z,,2026-02-14T06:15:18.743Z
TRIAL_30D,QLX-TRIAL-9D3F71A34E,true,0,1,2026-02-14T06:15:18.736Z,,2026-02-14T06:15:18.743Z
TRIAL_30D,QLX-TRIAL-DBF9819FF6,true,0,1,2026-02-14T06:15:18.736Z,,2026-02-14T06:15:18.743Z
TRIAL_30D,QLX-TRIAL-918244CC9A,true,0,1,2026-02-14T06:15:18.736Z,,2026-02-14T06:15:18.743Z
TRIAL_30D,QLX-TRIAL-A655BF5560,true,0,1,2026-02-14T06:15:18.736Z,,2026-02-14T06:15:18.743Z
TRIAL_30D,QLX-TRIAL-A734A9DE0A,true,0,1,2026-02-14T06:15:18.736Z,,2026-02-14T06:15:18.743Z
TRIAL_30D,QLX-TRIAL-C85DE3021C,true,0,1,2026-02-14T06:15:18.736Z,,2026-02-14T06:15:18.743Z
TRIAL_30D,QLX-TRIAL-F821F67A4E,true,0,1,2026-02-14T06:15:18.736Z,,2026-02-14T06:15:18.743Z
TRIAL_30D,QLX-TRIAL-FAAEBC41F2,true,0,1,2026-02-14T06:15:18.736Z,,2026-02-14T06:15:18.743Z
TRIAL_30D,QLX-TRIAL-41875FCD0C,true,0,1,2026-02-14T06:15:18.736Z,,2026-02-14T06:15:18.743Z
TRIAL_30D,QLX-TRIAL-0C7A529740,true,0,1,2026-02-14T06:15:18.736Z,,2026-02-14T06:15:18.743Z
TRIAL_30D,QLX-TRIAL-2E7DA026C8,true,0,1,2026-02-14T06:15:18.736Z,,2026-02-14T06:15:18.743Z
TRIAL_30D,QLX-TRIAL-71E017C292,true,0,1,2026-02-14T06:15:18.736Z,,2026-02-14T06:15:18.743Z
TRIAL_30D,QLX-TRIAL-ED77BDDA02,true,0,1,2026-02-14T06:15:18.736Z,,2026-02-14T06:15:18.743Z
TRIAL_30D,QLX-TRIAL-2EDCDF79F8,true,0,1,2026-02-14T06:15:18.736Z,,2026-02-14T06:15:18.743Z
TRIAL_30D,QLX-TRIAL-27DE188A3F,true,0,1,2026-02-14T06:15:18.736Z,,2026-02-14T06:15:18.743Z
TRIAL_30D,QLX-TRIAL-FED7FA7C5D,true,0,1,2026-02-14T06:15:18.736Z,,2026-02-14T06:15:18.743Z
TRIAL_30D,QLX-TRIAL-4BC6364E8C,true,0,1,2026-02-14T06:15:18.736Z,,2026-02-14T06:15:18.743Z
TRIAL_30D,QLX-TRIAL-105A6F0572,true,0,1,2026-02-14T06:15:18.736Z,,2026-02-14T06:15:18.743Z
TRIAL_30D,QLX-TRIAL-8DA68B1C41,true,0,1,2026-02-14T06:15:18.736Z,,2026-02-14T06:15:18.743Z
TRIAL_30D,QLX-TRIAL-2E17D23FBF,true,0,1,2026-02-14T06:15:18.736Z,,2026-02-14T06:15:18.743Z
TRIAL_30D,QLX-TRIAL-E1F0E58723,true,0,1,2026-02-14T06:15:18.736Z,,2026-02-14T06:15:18.743Z
TRIAL_30D,QLX-TRIAL-6D10AB7575,true,0,1,2026-02-14T06:15:18.736Z,,2026-02-14T06:15:18.743Z
TRIAL_30D,QLX-TRIAL-FCDCD578ED,true,0,1,2026-02-14T06:15:18.736Z,,2026-02-14T06:15:18.743Z
TRIAL_30D,QLX-TRIAL-FC1A389E52,true,0,1,2026-02-14T06:15:18.736Z,,2026-02-14T06:15:18.743Z
TRIAL_30D,QLX-TRIAL-C1C6785D8C,true,0,1,2026-02-14T06:15:18.736Z,,2026-02-14T06:15:18.743Z
TRIAL_30D,QLX-TRIAL-3FAD870FE7,true,0,1,2026-02-14T06:15:18.736Z,,2026-02-14T06:15:18.743Z
TRIAL_30D,QLX-TRIAL-5E8B4E722A,true,0,1,2026-02-14T06:15:18.736Z,,2026-02-14T06:15:18.743Z
TRIAL_30D,QLX-TRIAL-3C0270200E,true,0,1,2026-02-14T06:15:18.736Z,,2026-02-14T06:15:18.743Z
TRIAL_30D,QLX-TRIAL-05E62F68A9,true,0,1,2026-02-14T06:15:18.736Z,,2026-02-14T06:15:18.743Z
TRIAL_30D,QLX-TRIAL-EE24F0B74E,true,0,1,2026-02-14T06:15:18.736Z,,2026-02-14T06:15:18.743Z
TRIAL_30D,QLX-TRIAL-D4A624A1D7,true,0,1,2026-02-14T06:15:18.736Z,,2026-02-14T06:15:18.743Z
TRIAL_30D,QLX-TRIAL-90E433B7D6,true,0,1,2026-02-14T06:15:18.736Z,,2026-02-14T06:15:18.743Z
TRIAL_30D,QLX-TRIAL-19F9B1EFFC,true,0,1,2026-02-14T06:15:18.736Z,,2026-02-14T06:15:18.743Z
TRIAL_30D,QLX-TRIAL-C1EB6C53FF,true,0,1,2026-02-14T06:15:18.736Z,,2026-02-14T06:15:18.743Z
TRIAL_30D,QLX-TRIAL-E780F7DB56,true,0,1,2026-02-14T06:15:18.736Z,,2026-02-14T06:15:18.743Z
TRIAL_30D,QLX-TRIAL-F8E136F447,true,0,1,2026-02-14T06:15:18.736Z,,2026-02-14T06:15:18.743Z
TRIAL_30D,QLX-TRIAL-1425DA758E,true,0,1,2026-02-14T06:15:18.736Z,,2026-02-14T06:15:18.743Z
TRIAL_30D,QLX-TRIAL-6BC935D206,true,0,1,2026-02-14T06:15:18.736Z,,2026-02-14T06:15:18.743Z
TRIAL_30D,QLX-TRIAL-B39E3DA91C,true,0,1,2026-02-14T06:15:18.736Z,,2026-02-14T06:15:18.743Z
TRIAL_30D,QLX-TRIAL-80B4F762F6,true,0,1,2026-02-14T06:15:18.736Z,,2026-02-14T06:15:18.743Z
TRIAL_30D,QLX-TRIAL-42D4F109A1,true,0,1,2026-02-14T06:15:18.736Z,,2026-02-14T06:15:18.743Z
TRIAL_30D,QLX-TRIAL-D8847DFD7C,true,0,1,2026-02-14T06:15:18.736Z,,2026-02-14T06:15:18.743Z
TRIAL_30D,QLX-TRIAL-B7BA571969,true,0,1,2026-02-14T06:15:18.736Z,,2026-02-14T06:15:18.743Z
TRIAL_30D,QLX-TRIAL-B71FC59296,true,0,1,2026-02-14T06:15:18.736Z,,2026-02-14T06:15:18.743Z
TRIAL_30D,QLX-TRIAL-FAEB159BBC,true,0,1,2026-02-14T06:15:18.736Z,,2026-02-14T06:15:18.743Z
TRIAL_30D,QLX-TRIAL-115D202543,true,0,1,2026-02-14T06:15:18.736Z,,2026-02-14T06:15:18.743Z
TRIAL_30D,QLX-TRIAL-A30FF03F3A,true,0,1,2026-02-14T06:15:18.736Z,,2026-02-14T06:15:18.743Z
TRIAL_30D,QLX-TRIAL-0D17897568,true,0,1,2026-02-14T06:15:18.736Z,,2026-02-14T06:15:18.743Z
TRIAL_30D,QLX-TRIAL-88CB276D90,true,0,1,2026-02-14T06:15:18.736Z,,2026-02-14T06:15:18.743Z
TRIAL_30D,QLX-TRIAL-E0E37B5611,true,0,1,2026-02-14T06:15:18.736Z,,2026-02-14T06:15:18.743Z
TRIAL_30D,QLX-TRIAL-A3FC4C4F25,true,0,1,2026-02-14T06:15:18.736Z,,2026-02-14T06:15:18.743Z
TRIAL_30D,QLX-TRIAL-F576832704,true,0,1,2026-02-14T06:15:18.736Z,,2026-02-14T06:15:18.743Z
TRIAL_30D,QLX-TRIAL-BFA47CB5CA,true,0,1,2026-02-14T06:15:18.736Z,,2026-02-14T06:15:18.743Z
TRIAL_30D,QLX-TRIAL-4672D9EADB,true,0,1,2026-02-14T06:15:18.736Z,,2026-02-14T06:15:18.743Z
TRIAL_30D,QLX-TRIAL-6CCE572A7F,true,0,1,2026-02-14T06:15:18.736Z,,2026-02-14T06:15:18.743Z
TRIAL_30D,QLX-TRIAL-895265C34C,true,0,1,2026-02-14T06:15:18.736Z,,2026-02-14T06:15:18.743Z
TRIAL_30D,QLX-TRIAL-FE4C61EDE6,true,0,1,2026-02-14T06:15:18.736Z,,2026-02-14T06:15:18.743Z
TRIAL_30D,QLX-TRIAL-19B40EF2A8,true,0,1,2026-02-14T06:15:18.736Z,,2026-02-14T06:15:18.743Z
TRIAL_30D,QLX-TRIAL-B56AEDABF0,true,0,1,2026-02-14T06:15:18.736Z,,2026-02-14T06:15:18.743Z
TRIAL_30D,QLX-TRIAL-DD9D14F5E7,true,0,1,2026-02-14T06:15:18.736Z,,2026-02-14T06:15:18.743Z
TRIAL_30D,QLX-TRIAL-93F9BAC9F5,true,0,1,2026-02-14T06:15:18.736Z,,2026-02-14T06:15:18.743Z
TRIAL_30D,QLX-TRIAL-B86F11D3C1,true,0,1,2026-02-14T06:15:18.736Z,,2026-02-14T06:15:18.743Z
TRIAL_30D,QLX-TRIAL-E3899E5289,true,0,1,2026-02-14T06:15:18.736Z,,2026-02-14T06:15:18.743Z
TRIAL_30D,QLX-TRIAL-E8C4FBCB05,true,0,1,2026-02-14T06:15:18.736Z,,2026-02-14T06:15:18.743Z
TRIAL_30D,QLX-TRIAL-C833F5409D,true,0,1,2026-02-14T06:15:18.736Z,,2026-02-14T06:15:18.743Z
TRIAL_30D,QLX-TRIAL-623437EEDF,true,0,1,2026-02-14T06:15:18.736Z,,2026-02-14T06:15:18.743Z
TRIAL_30D,QLX-TRIAL-C6C380DA4D,true,0,1,2026-02-14T06:15:18.736Z,,2026-02-14T06:15:18.743Z
TRIAL_30D,QLX-TRIAL-CA704D0C31,true,0,1,2026-02-14T06:15:18.736Z,,2026-02-14T06:15:18.743Z
TRIAL_30D,QLX-TRIAL-C2ACC53B01,true,0,1,2026-02-14T06:15:18.736Z,,2026-02-14T06:15:18.743Z
TRIAL_30D,QLX-TRIAL-0C55567504,true,0,1,2026-02-14T06:15:18.736Z,,2026-02-14T06:15:18.743Z
TRIAL_30D,QLX-TRIAL-CD113B5900,true,0,1,2026-02-14T06:15:18.736Z,,2026-02-14T06:15:18.743Z
TRIAL_30D,QLX-TRIAL-ADD8C575D7,true,0,1,2026-02-14T06:15:18.736Z,,2026-02-14T06:15:18.743Z
TRIAL_30D,QLX-TRIAL-82A2959031,true,0,1,2026-02-14T06:15:18.736Z,,2026-02-14T06:15:18.743Z
TRIAL_30D,QLX-TRIAL-7067A677D4,true,0,1,2026-02-14T06:15:18.736Z,,2026-02-14T06:15:18.743Z
TRIAL_30D,QLX-TRIAL-0FA8C043C6,true,0,1,2026-02-14T06:15:18.736Z,,2026-02-14T06:15:18.743Z
TRIAL_30D,QLX-TRIAL-9D34651437,true,0,1,2026-02-14T06:15:18.736Z,,2026-02-14T06:15:18.743Z
TRIAL_30D,QLX-TRIAL-96B2B3B005,true,0,1,2026-02-14T06:15:18.736Z,,2026-02-14T06:15:18.743Z
TRIAL_30D,QLX-TRIAL-B1D60679F3,true,0,1,2026-02-14T06:15:18.736Z,,2026-02-14T06:15:18.743Z
TRIAL_30D,QLX-TRIAL-F56EF163A3,true,0,1,2026-02-14T06:15:18.736Z,,2026-02-14T06:15:18.743Z
TRIAL_30D,QLX-TRIAL-6483F1632A,true,0,1,2026-02-14T06:15:18.736Z,,2026-02-14T06:15:18.743Z
TRIAL_30D,QLX-TRIAL-8D5375B994,true,0,1,2026-02-14T06:20:40.607Z,,2026-02-14T06:20:40.619Z
TRIAL_30D,QLX-TRIAL-5B1990BCC7,true,0,1,2026-02-14T06:20:40.607Z,,2026-02-14T06:20:40.619Z
TRIAL_30D,QLX-TRIAL-5E4B746008,true,0,1,2026-02-14T06:20:40.607Z,,2026-02-14T06:20:40.619Z
TRIAL_30D,QLX-TRIAL-F6B909EA37,true,0,1,2026-02-14T06:20:40.607Z,,2026-02-14T06:20:40.619Z
TRIAL_30D,QLX-TRIAL-37FDAC38DE,true,0,1,2026-02-14T06:20:40.607Z,,2026-02-14T06:20:40.619Z
TRIAL_30D,QLX-TRIAL-F45FDD0D67,true,0,1,2026-02-14T06:20:40.607Z,,2026-02-14T06:20:40.619Z
TRIAL_30D,QLX-TRIAL-8A982AAAB4,true,0,1,2026-02-14T06:20:40.607Z,,2026-02-14T06:20:40.619Z
TRIAL_30D,QLX-TRIAL-6CDC6AD41C,true,0,1,2026-02-14T06:20:40.607Z,,2026-02-14T06:20:40.619Z
TRIAL_30D,QLX-TRIAL-59ED58B566,true,0,1,2026-02-14T06:20:40.607Z,,2026-02-14T06:20:40.619Z
TRIAL_30D,QLX-TRIAL-9AC05B2C4C,true,0,1,2026-02-14T06:20:40.607Z,,2026-02-14T06:20:40.619Z
TRIAL_30D,QLX-TRIAL-B2BA69DA3D,true,0,1,2026-02-14T06:20:40.607Z,,2026-02-14T06:20:40.619Z
TRIAL_30D,QLX-TRIAL-B363A4B411,true,0,1,2026-02-14T06:20:40.607Z,,2026-02-14T06:20:40.619Z
TRIAL_30D,QLX-TRIAL-55279A2C00,true,0,1,2026-02-14T06:20:40.607Z,,2026-02-14T06:20:40.619Z
TRIAL_30D,QLX-TRIAL-85BDFAB4D3,true,0,1,2026-02-14T06:20:40.607Z,,2026-02-14T06:20:40.619Z
TRIAL_30D,QLX-TRIAL-4F704696F6,true,0,1,2026-02-14T06:20:40.607Z,,2026-02-14T06:20:40.619Z
TRIAL_30D,QLX-TRIAL-AB92ACA7CA,true,0,1,2026-02-14T06:20:40.607Z,,2026-02-14T06:20:40.619Z
TRIAL_30D,QLX-TRIAL-7C5BD18BBF,true,0,1,2026-02-14T06:20:40.607Z,,2026-02-14T06:20:40.619Z
TRIAL_30D,QLX-TRIAL-51D692F2E6,true,0,1,2026-02-14T06:20:40.607Z,,2026-02-14T06:20:40.619Z
TRIAL_30D,QLX-TRIAL-06531FAC09,true,0,1,2026-02-14T06:20:40.607Z,,2026-02-14T06:20:40.619Z
TRIAL_30D,QLX-TRIAL-D35CE48069,true,0,1,2026-02-14T06:20:40.607Z,,2026-02-14T06:20:40.619Z
TRIAL_30D,QLX-TRIAL-E9FF1983A5,true,0,1,2026-02-14T06:20:40.607Z,,2026-02-14T06:20:40.619Z
TRIAL_30D,QLX-TRIAL-5EB13EA1D5,true,0,1,2026-02-14T06:20:40.607Z,,2026-02-14T06:20:40.619Z
TRIAL_30D,QLX-TRIAL-7CD31FF9A9,true,0,1,2026-02-14T06:20:40.607Z,,2026-02-14T06:20:40.619Z
TRIAL_30D,QLX-TRIAL-C34EFAEFA3,true,0,1,2026-02-14T06:20:40.607Z,,2026-02-14T06:20:40.619Z
TRIAL_30D,QLX-TRIAL-1C744877BD,true,0,1,2026-02-14T06:20:40.607Z,,2026-02-14T06:20:40.619Z
TRIAL_30D,QLX-TRIAL-D512CB9624,true,0,1,2026-02-14T06:20:40.607Z,,2026-02-14T06:20:40.619Z
TRIAL_30D,QLX-TRIAL-C5347E06B7,true,0,1,2026-02-14T06:20:40.607Z,,2026-02-14T06:20:40.619Z
TRIAL_30D,QLX-TRIAL-37079078EF,true,0,1,2026-02-14T06:20:40.607Z,,2026-02-14T06:20:40.619Z
TRIAL_30D,QLX-TRIAL-8AB6AD1C32,true,0,1,2026-02-14T06:20:40.607Z,,2026-02-14T06:20:40.619Z
TRIAL_30D,QLX-TRIAL-826E79293B,true,0,1,2026-02-14T06:20:40.607Z,,2026-02-14T06:20:40.619Z
TRIAL_30D,QLX-TRIAL-FA28482E85,true,0,1,2026-02-14T06:20:40.607Z,,2026-02-14T06:20:40.619Z
TRIAL_30D,QLX-TRIAL-2EF4A89DB7,true,0,1,2026-02-14T06:20:40.607Z,,2026-02-14T06:20:40.619Z
TRIAL_30D,QLX-TRIAL-107AF3E7B0,true,0,1,2026-02-14T06:20:40.607Z,,2026-02-14T06:20:40.619Z
TRIAL_30D,QLX-TRIAL-430241608B,true,0,1,2026-02-14T06:20:40.607Z,,2026-02-14T06:20:40.619Z
TRIAL_30D,QLX-TRIAL-F55B2FB502,true,0,1,2026-02-14T06:20:40.607Z,,2026-02-14T06:20:40.619Z
TRIAL_30D,QLX-TRIAL-AFF6D7BB67,true,0,1,2026-02-14T06:20:40.607Z,,2026-02-14T06:20:40.619Z
TRIAL_30D,QLX-TRIAL-B59C2D5AAC,true,0,1,2026-02-14T06:20:40.607Z,,2026-02-14T06:20:40.619Z
TRIAL_30D,QLX-TRIAL-70BCE626EF,true,0,1,2026-02-14T06:20:40.607Z,,2026-02-14T06:20:40.619Z
TRIAL_30D,QLX-TRIAL-5E607C0B92,true,0,1,2026-02-14T06:20:40.607Z,,2026-02-14T06:20:40.619Z
TRIAL_30D,QLX-TRIAL-0929B1ED85,true,0,1,2026-02-14T06:20:40.607Z,,2026-02-14T06:20:40.619Z
TRIAL_30D,QLX-TRIAL-6379428D72,true,0,1,2026-02-14T06:20:40.607Z,,2026-02-14T06:20:40.619Z
TRIAL_30D,QLX-TRIAL-D48C796CD4,true,0,1,2026-02-14T06:20:40.607Z,,2026-02-14T06:20:40.619Z
TRIAL_30D,QLX-TRIAL-89964A2F14,true,0,1,2026-02-14T06:20:40.607Z,,2026-02-14T06:20:40.619Z
TRIAL_30D,QLX-TRIAL-DA720C2695,true,0,1,2026-02-14T06:20:40.607Z,,2026-02-14T06:20:40.619Z
TRIAL_30D,QLX-TRIAL-81AC640ED9,true,0,1,2026-02-14T06:20:40.607Z,,2026-02-14T06:20:40.619Z
TRIAL_30D,QLX-TRIAL-43BCA1847E,true,0,1,2026-02-14T06:20:40.607Z,,2026-02-14T06:20:40.619Z
TRIAL_30D,QLX-TRIAL-1AAE1E9FCB,true,0,1,2026-02-14T06:20:40.607Z,,2026-02-14T06:20:40.619Z
TRIAL_30D,QLX-TRIAL-380682BCC9,true,0,1,2026-02-14T06:20:40.607Z,,2026-02-14T06:20:40.619Z
TRIAL_30D,QLX-TRIAL-18990348DE,true,0,1,2026-02-14T06:20:40.607Z,,2026-02-14T06:20:40.619Z
TRIAL_30D,QLX-TRIAL-C59C418A48,true,0,1,2026-02-14T06:20:40.607Z,,2026-02-14T06:20:40.619Z
TRIAL_30D,QLX-TRIAL-4A4613D960,true,0,1,2026-02-14T06:20:40.607Z,,2026-02-14T06:20:40.619Z
TRIAL_30D,QLX-TRIAL-134F1C7ED1,true,0,1,2026-02-14T06:20:40.607Z,,2026-02-14T06:20:40.619Z
TRIAL_30D,QLX-TRIAL-158D3AA4F2,true,0,1,2026-02-14T06:20:40.607Z,,2026-02-14T06:20:40.619Z
TRIAL_30D,QLX-TRIAL-D733CC4B6C,true,0,1,2026-02-14T06:20:40.607Z,,2026-02-14T06:20:40.619Z
TRIAL_30D,QLX-TRIAL-DC91CD5F08,true,0,1,2026-02-14T06:20:40.607Z,,2026-02-14T06:20:40.619Z
TRIAL_30D,QLX-TRIAL-D073B78F3A,true,0,1,2026-02-14T06:20:40.607Z,,2026-02-14T06:20:40.619Z
TRIAL_30D,QLX-TRIAL-BB6D03703B,true,0,1,2026-02-14T06:20:40.607Z,,2026-02-14T06:20:40.619Z
TRIAL_30D,QLX-TRIAL-32361474CD,true,0,1,2026-02-14T06:20:40.607Z,,2026-02-14T06:20:40.619Z
TRIAL_30D,QLX-TRIAL-CDAE1FB750,true,0,1,2026-02-14T06:20:40.607Z,,2026-02-14T06:20:40.619Z
TRIAL_30D,QLX-TRIAL-402088B792,true,0,1,2026-02-14T06:20:40.607Z,,2026-02-14T06:20:40.619Z
TRIAL_30D,QLX-TRIAL-BDD6E69A1F,true,0,1,2026-02-14T06:20:40.607Z,,2026-02-14T06:20:40.619Z
TRIAL_30D,QLX-TRIAL-66192E76E9,true,0,1,2026-02-14T06:20:40.607Z,,2026-02-14T06:20:40.619Z
TRIAL_30D,QLX-TRIAL-97E1C1FE23,true,0,1,2026-02-14T06:20:40.607Z,,2026-02-14T06:20:40.619Z
TRIAL_30D,QLX-TRIAL-F44E180DDB,true,0,1,2026-02-14T06:20:40.607Z,,2026-02-14T06:20:40.619Z
TRIAL_30D,QLX-TRIAL-8CE5F33446,true,0,1,2026-02-14T06:20:40.607Z,,2026-02-14T06:20:40.619Z
TRIAL_30D,QLX-TRIAL-21B5332FF8,true,0,1,2026-02-14T06:20:40.607Z,,2026-02-14T06:20:40.619Z
TRIAL_30D,QLX-TRIAL-A8F0F631E1,true,0,1,2026-02-14T06:20:40.607Z,,2026-02-14T06:20:40.619Z
TRIAL_30D,QLX-TRIAL-4DF14C3032,true,0,1,2026-02-14T06:20:40.607Z,,2026-02-14T06:20:40.619Z
TRIAL_30D,QLX-TRIAL-9BFEC3E673,true,0,1,2026-02-14T06:20:40.607Z,,2026-02-14T06:20:40.619Z
TRIAL_30D,QLX-TRIAL-07FAEF159F,true,0,1,2026-02-14T06:20:40.607Z,,2026-02-14T06:20:40.619Z
TRIAL_30D,QLX-TRIAL-B7625791AF,true,0,1,2026-02-14T06:20:40.607Z,,2026-02-14T06:20:40.619Z
TRIAL_30D,QLX-TRIAL-59A97FB80A,true,0,1,2026-02-14T06:20:40.607Z,,2026-02-14T06:20:40.619Z
TRIAL_30D,QLX-TRIAL-06512537A5,true,0,1,2026-02-14T06:20:40.607Z,,2026-02-14T06:20:40.619Z
TRIAL_30D,QLX-TRIAL-0854631A92,true,0,1,2026-02-14T06:20:40.607Z,,2026-02-14T06:20:40.619Z
TRIAL_30D,QLX-TRIAL-8B6A4D1A92,true,0,1,2026-02-14T06:20:40.607Z,,2026-02-14T06:20:40.619Z
TRIAL_30D,QLX-TRIAL-F92CC0EB17,true,0,1,2026-02-14T06:20:40.607Z,,2026-02-14T06:20:40.619Z
TRIAL_30D,QLX-TRIAL-EF9C8159E2,true,0,1,2026-02-14T06:20:40.607Z,,2026-02-14T06:20:40.619Z
TRIAL_30D,QLX-TRIAL-0C5D57E110,true,0,1,2026-02-14T06:20:40.607Z,,2026-02-14T06:20:40.619Z
TRIAL_30D,QLX-TRIAL-BCC8D8BADC,true,0,1,2026-02-14T06:20:40.607Z,,2026-02-14T06:20:40.619Z
TRIAL_30D,QLX-TRIAL-4827B88613,true,0,1,2026-02-14T06:20:40.607Z,,2026-02-14T06:20:40.619Z
TRIAL_30D,QLX-TRIAL-6980D06282,true,0,1,2026-02-14T06:20:40.607Z,,2026-02-14T06:20:40.619Z
TRIAL_30D,QLX-TRIAL-C63C1292DD,true,0,1,2026-02-14T06:20:40.607Z,,2026-02-14T06:20:40.619Z
TRIAL_30D,QLX-TRIAL-95886BA85D,true,0,1,2026-02-14T06:20:40.607Z,,2026-02-14T06:20:40.619Z
TRIAL_30D,QLX-TRIAL-8ECB741857,true,0,1,2026-02-14T06:20:40.607Z,,2026-02-14T06:20:40.619Z
TRIAL_30D,QLX-TRIAL-F750C32A39,true,0,1,2026-02-14T06:20:40.607Z,,2026-02-14T06:20:40.619Z
TRIAL_30D,QLX-TRIAL-59ADC68D9E,true,0,1,2026-02-14T06:20:40.607Z,,2026-02-14T06:20:40.619Z
TRIAL_30D,QLX-TRIAL-48E721C06E,true,0,1,2026-02-14T06:20:40.607Z,,2026-02-14T06:20:40.619Z
TRIAL_30D,QLX-TRIAL-0F52038FFB,true,0,1,2026-02-14T06:20:40.607Z,,2026-02-14T06:20:40.619Z
TRIAL_30D,QLX-TRIAL-7A9A6B604F,true,0,1,2026-02-14T06:20:40.607Z,,2026-02-14T06:20:40.619Z
TRIAL_30D,QLX-TRIAL-BAB88E238E,true,0,1,2026-02-14T06:20:40.607Z,,2026-02-14T06:20:40.619Z
TRIAL_30D,QLX-TRIAL-613782D242,true,0,1,2026-02-14T06:20:40.607Z,,2026-02-14T06:20:40.619Z
TRIAL_30D,QLX-TRIAL-E0688C32C5,true,0,1,2026-02-14T06:20:40.607Z,,2026-02-14T06:20:40.619Z
TRIAL_30D,QLX-TRIAL-4A2FF12A2C,true,0,1,2026-02-14T06:20:40.607Z,,2026-02-14T06:20:40.619Z
TRIAL_30D,QLX-TRIAL-E32B421B21,true,0,1,2026-02-14T06:20:40.607Z,,2026-02-14T06:20:40.619Z
TRIAL_30D,QLX-TRIAL-81D57A49D9,true,0,1,2026-02-14T06:20:40.607Z,,2026-02-14T06:20:40.619Z
TRIAL_30D,QLX-TRIAL-09F93B7D74,true,0,1,2026-02-14T06:20:40.607Z,,2026-02-14T06:20:40.619Z
TRIAL_30D,QLX-TRIAL-8439EAA14D,true,0,1,2026-02-14T06:20:40.607Z,,2026-02-14T06:20:40.619Z
TRIAL_30D,QLX-TRIAL-7F32D9E2CC,true,0,1,2026-02-14T06:20:40.607Z,,2026-02-14T06:20:40.619Z
TRIAL_30D,QLX-TRIAL-7CC93F0AA0,true,0,1,2026-02-14T06:20:40.607Z,,2026-02-14T06:20:40.619Z
TRIAL_30D,QLX-TRIAL-7E7272D546,true,0,1,2026-02-14T06:20:40.607Z,,2026-02-14T06:20:40.619Z
DISCOUNT_50_3M,QLX-50-3M-96E061E234,true,0,1,2026-02-14T06:20:40.607Z,,2026-02-14T06:20:40.619Z
DISCOUNT_50_3M,QLX-50-3M-FE644BB27D,true,0,1,2026-02-14T06:20:40.607Z,,2026-02-14T06:20:40.619Z
DISCOUNT_50_3M,QLX-50-3M-8415262F1C,true,0,1,2026-02-14T06:20:40.607Z,,2026-02-14T06:20:40.619Z
DISCOUNT_50_3M,QLX-50-3M-4BE2B08B3E,true,0,1,2026-02-14T06:20:40.607Z,,2026-02-14T06:20:40.619Z
DISCOUNT_50_3M,QLX-50-3M-0CD1CD5EF0,true,0,1,2026-02-14T06:20:40.607Z,,2026-02-14T06:20:40.619Z
DISCOUNT_50_3M,QLX-50-3M-C95D795E58,true,0,1,2026-02-14T06:20:40.607Z,,2026-02-14T06:20:40.619Z
DISCOUNT_50_3M,QLX-50-3M-5991E5F9A3,true,0,1,2026-02-14T06:20:40.607Z,,2026-02-14T06:20:40.619Z
DISCOUNT_50_3M,QLX-50-3M-D9FBE6EC3D,true,0,1,2026-02-14T06:20:40.607Z,,2026-02-14T06:20:40.619Z
DISCOUNT_50_3M,QLX-50-3M-BED1A3E727,true,0,1,2026-02-14T06:20:40.607Z,,2026-02-14T06:20:40.619Z
DISCOUNT_50_3M,QLX-50-3M-8FD2009CC5,true,0,1,2026-02-14T06:20:40.607Z,,2026-02-14T06:20:40.619Z
DISCOUNT_50_3M,QLX-50-3M-336B4AA344,true,0,1,2026-02-14T06:20:40.607Z,,2026-02-14T06:20:40.619Z
DISCOUNT_50_3M,QLX-50-3M-395DD4ED10,true,0,1,2026-02-14T06:20:40.607Z,,2026-02-14T06:20:40.619Z
DISCOUNT_50_3M,QLX-50-3M-62D0CB92EC,true,0,1,2026-02-14T06:20:40.607Z,,2026-02-14T06:20:40.619Z
DISCOUNT_50_3M,QLX-50-3M-F50EF3DF79,true,0,1,2026-02-14T06:20:40.607Z,,2026-02-14T06:20:40.619Z
DISCOUNT_50_3M,QLX-50-3M-E8CC0B429B,true,0,1,2026-02-14T06:20:40.607Z,,2026-02-14T06:20:40.619Z
DISCOUNT_50_3M,QLX-50-3M-2271310B68,true,0,1,2026-02-14T06:20:40.607Z,,2026-02-14T06:20:40.619Z
DISCOUNT_50_3M,QLX-50-3M-2A5142888C,true,0,1,2026-02-14T06:20:40.607Z,,2026-02-14T06:20:40.619Z
DISCOUNT_50_3M,QLX-50-3M-D5573CEFBD,true,0,1,2026-02-14T06:20:40.607Z,,2026-02-14T06:20:40.619Z
DISCOUNT_50_3M,QLX-50-3M-5E177D78DD,true,0,1,2026-02-14T06:20:40.607Z,,2026-02-14T06:20:40.619Z
DISCOUNT_50_3M,QLX-50-3M-811189F824,true,0,1,2026-02-14T06:20:40.607Z,,2026-02-14T06:20:40.619Z
DISCOUNT_50_3M,QLX-50-3M-428A4F5D9A,true,0,1,2026-02-14T06:20:40.607Z,,2026-02-14T06:20:40.619Z
DISCOUNT_50_3M,QLX-50-3M-61375D013A,true,0,1,2026-02-14T06:20:40.607Z,,2026-02-14T06:20:40.619Z
DISCOUNT_50_3M,QLX-50-3M-FB6140DB2E,true,0,1,2026-02-14T06:20:40.607Z,,2026-02-14T06:20:40.619Z
DISCOUNT_50_3M,QLX-50-3M-BFE2C353B2,true,0,1,2026-02-14T06:20:40.607Z,,2026-02-14T06:20:40.619Z
DISCOUNT_50_3M,QLX-50-3M-56D5EF3140,true,0,1,2026-02-14T06:20:40.607Z,,2026-02-14T06:20:40.619Z
DISCOUNT_50_3M,QLX-50-3M-E4E6947991,true,0,1,2026-02-14T06:20:40.607Z,,2026-02-14T06:20:40.619Z
DISCOUNT_50_3M,QLX-50-3M-F21933BD9D,true,0,1,2026-02-14T06:20:40.607Z,,2026-02-14T06:20:40.619Z
DISCOUNT_50_3M,QLX-50-3M-33707713D0,true,0,1,2026-02-14T06:20:40.607Z,,2026-02-14T06:20:40.619Z
DISCOUNT_50_3M,QLX-50-3M-9C4B58F4E5,true,0,1,2026-02-14T06:20:40.607Z,,2026-02-14T06:20:40.619Z
DISCOUNT_50_3M,QLX-50-3M-C7656B1047,true,0,1,2026-02-14T06:20:40.607Z,,2026-02-14T06:20:40.619Z
DISCOUNT_50_3M,QLX-50-3M-CB62240398,true,0,1,2026-02-14T06:20:40.607Z,,2026-02-14T06:20:40.619Z
DISCOUNT_50_3M,QLX-50-3M-6625613CB8,true,0,1,2026-02-14T06:20:40.607Z,,2026-02-14T06:20:40.619Z
DISCOUNT_50_3M,QLX-50-3M-255C4A371C,true,0,1,2026-02-14T06:20:40.607Z,,2026-02-14T06:20:40.619Z
DISCOUNT_50_3M,QLX-50-3M-7A6C50ED7F,true,0,1,2026-02-14T06:20:40.607Z,,2026-02-14T06:20:40.619Z
DISCOUNT_50_3M,QLX-50-3M-585E642999,true,0,1,2026-02-14T06:20:40.607Z,,2026-02-14T06:20:40.619Z
DISCOUNT_50_3M,QLX-50-3M-6AE9C7D3E7,true,0,1,2026-02-14T06:20:40.607Z,,2026-02-14T06:20:40.619Z
DISCOUNT_50_3M,QLX-50-3M-59107405E8,true,0,1,2026-02-14T06:20:40.607Z,,2026-02-14T06:20:40.619Z
DISCOUNT_50_3M,QLX-50-3M-3A2BE87EC0,true,0,1,2026-02-14T06:20:40.607Z,,2026-02-14T06:20:40.619Z
DISCOUNT_50_3M,QLX-50-3M-F51C7748A8,true,0,1,2026-02-14T06:20:40.607Z,,2026-02-14T06:20:40.619Z
DISCOUNT_50_3M,QLX-50-3M-B7D5490CD3,true,0,1,2026-02-14T06:20:40.607Z,,2026-02-14T06:20:40.619Z
DISCOUNT_50_3M,QLX-50-3M-BEA8314540,true,0,1,2026-02-14T06:20:40.607Z,,2026-02-14T06:20:40.619Z
DISCOUNT_50_3M,QLX-50-3M-3280670466,true,0,1,2026-02-14T06:20:40.607Z,,2026-02-14T06:20:40.619Z
DISCOUNT_50_3M,QLX-50-3M-4BCCC18EC8,true,0,1,2026-02-14T06:20:40.607Z,,2026-02-14T06:20:40.619Z
DISCOUNT_50_3M,QLX-50-3M-9A2939C3F1,true,0,1,2026-02-14T06:20:40.607Z,,2026-02-14T06:20:40.619Z
DISCOUNT_50_3M,QLX-50-3M-F8FF837123,true,0,1,2026-02-14T06:20:40.607Z,,2026-02-14T06:20:40.619Z
DISCOUNT_50_3M,QLX-50-3M-25DC24BE22,true,0,1,2026-02-14T06:20:40.607Z,,2026-02-14T06:20:40.619Z
DISCOUNT_50_3M,QLX-50-3M-B47687F2E1,true,0,1,2026-02-14T06:20:40.607Z,,2026-02-14T06:20:40.619Z
DISCOUNT_50_3M,QLX-50-3M-14DE5300E6,true,0,1,2026-02-14T06:20:40.607Z,,2026-02-14T06:20:40.619Z
DISCOUNT_50_3M,QLX-50-3M-BE2DE48BFC,true,0,1,2026-02-14T06:20:40.607Z,,2026-02-14T06:20:40.619Z
DISCOUNT_50_3M,QLX-50-3M-89513504FC,true,0,1,2026-02-14T06:20:40.607Z,,2026-02-14T06:20:40.619Z
DISCOUNT_50_3M,QLX-50-3M-00C72FAC16,true,0,1,2026-02-14T06:20:40.607Z,,2026-02-14T06:20:40.619Z
DISCOUNT_50_3M,QLX-50-3M-3DA69C579C,true,0,1,2026-02-14T06:20:40.607Z,,2026-02-14T06:20:40.619Z
DISCOUNT_50_3M,QLX-50-3M-B22EA69E95,true,0,1,2026-02-14T06:20:40.607Z,,2026-02-14T06:20:40.619Z
DISCOUNT_50_3M,QLX-50-3M-347D15F381,true,0,1,2026-02-14T06:20:40.607Z,,2026-02-14T06:20:40.619Z
DISCOUNT_50_3M,QLX-50-3M-01475835FD,true,0,1,2026-02-14T06:20:40.607Z,,2026-02-14T06:20:40.619Z
DISCOUNT_50_3M,QLX-50-3M-8C29CF8C25,true,0,1,2026-02-14T06:20:40.607Z,,2026-02-14T06:20:40.619Z
DISCOUNT_50_3M,QLX-50-3M-064C937704,true,0,1,2026-02-14T06:20:40.607Z,,2026-02-14T06:20:40.619Z
DISCOUNT_50_3M,QLX-50-3M-4313C4BACD,true,0,1,2026-02-14T06:20:40.607Z,,2026-02-14T06:20:40.619Z
DISCOUNT_50_3M,QLX-50-3M-191574D503,true,0,1,2026-02-14T06:20:40.607Z,,2026-02-14T06:20:40.619Z
DISCOUNT_50_3M,QLX-50-3M-BA0188DE30,true,0,1,2026-02-14T06:20:40.607Z,,2026-02-14T06:20:40.619Z
DISCOUNT_50_3M,QLX-50-3M-98D1AF02AF,true,0,1,2026-02-14T06:20:40.607Z,,2026-02-14T06:20:40.619Z
DISCOUNT_50_3M,QLX-50-3M-6E7E4FBC25,true,0,1,2026-02-14T06:20:40.607Z,,2026-02-14T06:20:40.619Z
DISCOUNT_50_3M,QLX-50-3M-F97C6F2E6E,true,0,1,2026-02-14T06:20:40.607Z,,2026-02-14T06:20:40.619Z
DISCOUNT_50_3M,QLX-50-3M-94178B5891,true,0,1,2026-02-14T06:20:40.607Z,,2026-02-14T06:20:40.619Z
DISCOUNT_50_3M,QLX-50-3M-A71D089A1A,true,0,1,2026-02-14T06:20:40.607Z,,2026-02-14T06:20:40.619Z
DISCOUNT_50_3M,QLX-50-3M-7096D46E57,true,0,1,2026-02-14T06:20:40.607Z,,2026-02-14T06:20:40.619Z
DISCOUNT_50_3M,QLX-50-3M-EE92051D16,true,0,1,2026-02-14T06:20:40.607Z,,2026-02-14T06:20:40.619Z
DISCOUNT_50_3M,QLX-50-3M-A6E7151C0E,true,0,1,2026-02-14T06:20:40.607Z,,2026-02-14T06:20:40.619Z
DISCOUNT_50_3M,QLX-50-3M-B80896D87D,true,0,1,2026-02-14T06:20:40.607Z,,2026-02-14T06:20:40.619Z
DISCOUNT_50_3M,QLX-50-3M-873D3A6E50,true,0,1,2026-02-14T06:20:40.607Z,,2026-02-14T06:20:40.619Z
DISCOUNT_50_3M,QLX-50-3M-64BC2908C7,true,0,1,2026-02-14T06:20:40.607Z,,2026-02-14T06:20:40.619Z
DISCOUNT_50_3M,QLX-50-3M-C53375FF31,true,0,1,2026-02-14T06:20:40.607Z,,2026-02-14T06:20:40.619Z
DISCOUNT_50_3M,QLX-50-3M-404743A730,true,0,1,2026-02-14T06:20:40.607Z,,2026-02-14T06:20:40.619Z
DISCOUNT_50_3M,QLX-50-3M-3A353B7A1D,true,0,1,2026-02-14T06:20:40.607Z,,2026-02-14T06:20:40.619Z
DISCOUNT_50_3M,QLX-50-3M-81EEC88649,true,0,1,2026-02-14T06:20:40.607Z,,2026-02-14T06:20:40.619Z
DISCOUNT_50_3M,QLX-50-3M-AA71FEBE61,true,0,1,2026-02-14T06:20:40.607Z,,2026-02-14T06:20:40.619Z
DISCOUNT_50_3M,QLX-50-3M-FA721DDCA1,true,0,1,2026-02-14T06:20:40.607Z,,2026-02-14T06:20:40.619Z
DISCOUNT_50_3M,QLX-50-3M-77B43BFBE8,true,0,1,2026-02-14T06:20:40.607Z,,2026-02-14T06:20:40.619Z
DISCOUNT_50_3M,QLX-50-3M-510FF7CE6C,true,0,1,2026-02-14T06:20:40.607Z,,2026-02-14T06:20:40.619Z
DISCOUNT_50_3M,QLX-50-3M-DE85F9E151,true,0,1,2026-02-14T06:20:40.607Z,,2026-02-14T06:20:40.619Z
DISCOUNT_50_3M,QLX-50-3M-68B189CDC5,true,0,1,2026-02-14T06:20:40.607Z,,2026-02-14T06:20:40.619Z
DISCOUNT_50_3M,QLX-50-3M-A5E662C7A8,true,0,1,2026-02-14T06:20:40.607Z,,2026-02-14T06:20:40.619Z
DISCOUNT_50_3M,QLX-50-3M-ADE05E452F,true,0,1,2026-02-14T06:20:40.607Z,,2026-02-14T06:20:40.619Z
DISCOUNT_50_3M,QLX-50-3M-F5D8D057EF,true,0,1,2026-02-14T06:20:40.607Z,,2026-02-14T06:20:40.619Z
DISCOUNT_50_3M,QLX-50-3M-E1D4A602EE,true,0,1,2026-02-14T06:20:40.607Z,,2026-02-14T06:20:40.619Z
DISCOUNT_50_3M,QLX-50-3M-84EDB67150,true,0,1,2026-02-14T06:20:40.607Z,,2026-02-14T06:20:40.619Z
DISCOUNT_50_3M,QLX-50-3M-B015850B80,true,0,1,2026-02-14T06:20:40.607Z,,2026-02-14T06:20:40.619Z
DISCOUNT_50_3M,QLX-50-3M-4E33235A85,true,0,1,2026-02-14T06:20:40.607Z,,2026-02-14T06:20:40.619Z
DISCOUNT_50_3M,QLX-50-3M-9D4F7F71BD,true,0,1,2026-02-14T06:20:40.607Z,,2026-02-14T06:20:40.619Z
DISCOUNT_50_3M,QLX-50-3M-FF18A06619,true,0,1,2026-02-14T06:20:40.607Z,,2026-02-14T06:20:40.619Z
DISCOUNT_50_3M,QLX-50-3M-722B965899,true,0,1,2026-02-14T06:20:40.607Z,,2026-02-14T06:20:40.619Z
DISCOUNT_50_3M,QLX-50-3M-50C00793EF,true,0,1,2026-02-14T06:20:40.607Z,,2026-02-14T06:20:40.619Z
DISCOUNT_50_3M,QLX-50-3M-1162903538,true,0,1,2026-02-14T06:20:40.607Z,,2026-02-14T06:20:40.619Z
DISCOUNT_50_3M,QLX-50-3M-BE00CB71CF,true,0,1,2026-02-14T06:20:40.607Z,,2026-02-14T06:20:40.619Z
DISCOUNT_50_3M,QLX-50-3M-AD6D209A46,true,0,1,2026-02-14T06:20:40.607Z,,2026-02-14T06:20:40.619Z
DISCOUNT_50_3M,QLX-50-3M-1914182983,true,0,1,2026-02-14T06:20:40.607Z,,2026-02-14T06:20:40.619Z
DISCOUNT_50_3M,QLX-50-3M-672AB31877,true,0,1,2026-02-14T06:20:40.607Z,,2026-02-14T06:20:40.619Z
DISCOUNT_50_3M,QLX-50-3M-373B310CE5,true,0,1,2026-02-14T06:20:40.607Z,,2026-02-14T06:20:40.619Z
DISCOUNT_50_3M,QLX-50-3M-A572CDD9BB,true,0,1,2026-02-14T06:20:40.607Z,,2026-02-14T06:20:40.619Z
DISCOUNT_50_3M,QLX-50-3M-553D4A5142,true,0,1,2026-02-14T06:20:40.607Z,,2026-02-14T06:20:40.619Z
REACTIVATION_30D,QLX-REACT-30D-CC228F8A84,true,0,1,2026-02-14T06:20:40.607Z,,2026-02-14T06:20:40.619Z
REACTIVATION_30D,QLX-REACT-30D-D17701B407,true,0,1,2026-02-14T06:20:40.607Z,,2026-02-14T06:20:40.619Z
REACTIVATION_30D,QLX-REACT-30D-79E0311594,true,0,1,2026-02-14T06:20:40.607Z,,2026-02-14T06:20:40.619Z
REACTIVATION_30D,QLX-REACT-30D-F4D327ECC1,true,0,1,2026-02-14T06:20:40.607Z,,2026-02-14T06:20:40.619Z
REACTIVATION_30D,QLX-REACT-30D-A2A4E60E60,true,0,1,2026-02-14T06:20:40.607Z,,2026-02-14T06:20:40.619Z
REACTIVATION_30D,QLX-REACT-30D-2AFDB8BCE9,true,0,1,2026-02-14T06:20:40.607Z,,2026-02-14T06:20:40.619Z
REACTIVATION_30D,QLX-REACT-30D-1CBBA5C729,true,0,1,2026-02-14T06:20:40.607Z,,2026-02-14T06:20:40.619Z
REACTIVATION_30D,QLX-REACT-30D-9B6F125794,true,0,1,2026-02-14T06:20:40.607Z,,2026-02-14T06:20:40.619Z
REACTIVATION_30D,QLX-REACT-30D-3B9DEA743C,true,0,1,2026-02-14T06:20:40.607Z,,2026-02-14T06:20:40.619Z
REACTIVATION_30D,QLX-REACT-30D-EA93CAFCF0,true,0,1,2026-02-14T06:20:40.607Z,,2026-02-14T06:20:40.619Z
REACTIVATION_30D,QLX-REACT-30D-3FB8A33D69,true,0,1,2026-02-14T06:20:40.607Z,,2026-02-14T06:20:40.619Z
REACTIVATION_30D,QLX-REACT-30D-E28D15ED0E,true,0,1,2026-02-14T06:20:40.607Z,,2026-02-14T06:20:40.619Z
REACTIVATION_30D,QLX-REACT-30D-411C76FE29,true,0,1,2026-02-14T06:20:40.607Z,,2026-02-14T06:20:40.619Z
REACTIVATION_30D,QLX-REACT-30D-598A9E6D88,true,0,1,2026-02-14T06:20:40.607Z,,2026-02-14T06:20:40.619Z
REACTIVATION_30D,QLX-REACT-30D-D4B76782A4,true,0,1,2026-02-14T06:20:40.607Z,,2026-02-14T06:20:40.619Z
REACTIVATION_30D,QLX-REACT-30D-503447CE91,true,0,1,2026-02-14T06:20:40.607Z,,2026-02-14T06:20:40.619Z
REACTIVATION_30D,QLX-REACT-30D-3B2A3CEC86,true,0,1,2026-02-14T06:20:40.607Z,,2026-02-14T06:20:40.619Z
REACTIVATION_30D,QLX-REACT-30D-EB58862B9C,true,0,1,2026-02-14T06:20:40.607Z,,2026-02-14T06:20:40.619Z
REACTIVATION_30D,QLX-REACT-30D-40D1902E59,true,0,1,2026-02-14T06:20:40.607Z,,2026-02-14T06:20:40.619Z
REACTIVATION_30D,QLX-REACT-30D-37FDAC5B6B,true,0,1,2026-02-14T06:20:40.607Z,,2026-02-14T06:20:40.619Z
REACTIVATION_30D,QLX-REACT-30D-DCF81BDD9C,true,0,1,2026-02-14T06:20:40.607Z,,2026-02-14T06:20:40.619Z
REACTIVATION_30D,QLX-REACT-30D-5041E237C5,true,0,1,2026-02-14T06:20:40.607Z,,2026-02-14T06:20:40.619Z
REACTIVATION_30D,QLX-REACT-30D-1E8F7FA314,true,0,1,2026-02-14T06:20:40.607Z,,2026-02-14T06:20:40.619Z
REACTIVATION_30D,QLX-REACT-30D-B11659F6B0,true,0,1,2026-02-14T06:20:40.607Z,,2026-02-14T06:20:40.619Z
REACTIVATION_30D,QLX-REACT-30D-979C951425,true,0,1,2026-02-14T06:20:40.607Z,,2026-02-14T06:20:40.619Z
REACTIVATION_30D,QLX-REACT-30D-1826F7EB04,true,0,1,2026-02-14T06:20:40.607Z,,2026-02-14T06:20:40.619Z
REACTIVATION_30D,QLX-REACT-30D-F7C766B0BE,true,0,1,2026-02-14T06:20:40.607Z,,2026-02-14T06:20:40.619Z
REACTIVATION_30D,QLX-REACT-30D-BAF24E9465,true,0,1,2026-02-14T06:20:40.607Z,,2026-02-14T06:20:40.619Z
REACTIVATION_30D,QLX-REACT-30D-28FAFD5EEB,true,0,1,2026-02-14T06:20:40.607Z,,2026-02-14T06:20:40.619Z
REACTIVATION_30D,QLX-REACT-30D-CC3F8BAA62,true,0,1,2026-02-14T06:20:40.607Z,,2026-02-14T06:20:40.619Z
REACTIVATION_30D,QLX-REACT-30D-D7A7FD1DA1,true,0,1,2026-02-14T06:20:40.607Z,,2026-02-14T06:20:40.619Z
REACTIVATION_30D,QLX-REACT-30D-6DA172E478,true,0,1,2026-02-14T06:20:40.607Z,,2026-02-14T06:20:40.619Z
REACTIVATION_30D,QLX-REACT-30D-4C791568F7,true,0,1,2026-02-14T06:20:40.607Z,,2026-02-14T06:20:40.619Z
REACTIVATION_30D,QLX-REACT-30D-010E402E04,true,0,1,2026-02-14T06:20:40.607Z,,2026-02-14T06:20:40.619Z
REACTIVATION_30D,QLX-REACT-30D-E03E426A81,true,0,1,2026-02-14T06:20:40.607Z,,2026-02-14T06:20:40.619Z
REACTIVATION_30D,QLX-REACT-30D-1724FEC6D0,true,0,1,2026-02-14T06:20:40.607Z,,2026-02-14T06:20:40.619Z
REACTIVATION_30D,QLX-REACT-30D-828D6B17AD,true,0,1,2026-02-14T06:20:40.607Z,,2026-02-14T06:20:40.619Z
REACTIVATION_30D,QLX-REACT-30D-A2FA4CDD4D,true,0,1,2026-02-14T06:20:40.607Z,,2026-02-14T06:20:40.619Z
REACTIVATION_30D,QLX-REACT-30D-07D5C48F30,true,0,1,2026-02-14T06:20:40.607Z,,2026-02-14T06:20:40.619Z
REACTIVATION_30D,QLX-REACT-30D-7E05F78DDD,true,0,1,2026-02-14T06:20:40.607Z,,2026-02-14T06:20:40.619Z
REACTIVATION_30D,QLX-REACT-30D-3E8EE67F25,true,0,1,2026-02-14T06:20:40.607Z,,2026-02-14T06:20:40.619Z
REACTIVATION_30D,QLX-REACT-30D-EE9A147828,true,0,1,2026-02-14T06:20:40.607Z,,2026-02-14T06:20:40.619Z
REACTIVATION_30D,QLX-REACT-30D-39831FCEC9,true,0,1,2026-02-14T06:20:40.607Z,,2026-02-14T06:20:40.619Z
REACTIVATION_30D,QLX-REACT-30D-9C6697747E,true,0,1,2026-02-14T06:20:40.607Z,,2026-02-14T06:20:40.619Z
REACTIVATION_30D,QLX-REACT-30D-E92F244B7A,true,0,1,2026-02-14T06:20:40.607Z,,2026-02-14T06:20:40.619Z
REACTIVATION_30D,QLX-REACT-30D-9772155B82,true,0,1,2026-02-14T06:20:40.607Z,,2026-02-14T06:20:40.619Z
REACTIVATION_30D,QLX-REACT-30D-6EBBFC17EA,true,0,1,2026-02-14T06:20:40.607Z,,2026-02-14T06:20:40.619Z
REACTIVATION_30D,QLX-REACT-30D-B398C42D73,true,0,1,2026-02-14T06:20:40.607Z,,2026-02-14T06:20:40.619Z
REACTIVATION_30D,QLX-REACT-30D-FCCB5EA5CC,true,0,1,2026-02-14T06:20:40.607Z,,2026-02-14T06:20:40.619Z
REACTIVATION_30D,QLX-REACT-30D-0066436BE3,true,0,1,2026-02-14T06:20:40.607Z,,2026-02-14T06:20:40.619Z
REACTIVATION_30D,QLX-REACT-30D-52BB987CBC,true,0,1,2026-02-14T06:20:40.607Z,,2026-02-14T06:20:40.619Z
REACTIVATION_30D,QLX-REACT-30D-F458B2F97C,true,0,1,2026-02-14T06:20:40.607Z,,2026-02-14T06:20:40.619Z
REACTIVATION_30D,QLX-REACT-30D-5E8C8C7F2F,true,0,1,2026-02-14T06:20:40.607Z,,2026-02-14T06:20:40.619Z
REACTIVATION_30D,QLX-REACT-30D-0813CA7941,true,0,1,2026-02-14T06:20:40.607Z,,2026-02-14T06:20:40.619Z
REACTIVATION_30D,QLX-REACT-30D-CA31AF7F97,true,0,1,2026-02-14T06:20:40.607Z,,2026-02-14T06:20:40.619Z
REACTIVATION_30D,QLX-REACT-30D-2CBAD3EB28,true,0,1,2026-02-14T06:20:40.607Z,,2026-02-14T06:20:40.619Z
REACTIVATION_30D,QLX-REACT-30D-E83952D2BB,true,0,1,2026-02-14T06:20:40.607Z,,2026-02-14T06:20:40.619Z
REACTIVATION_30D,QLX-REACT-30D-09B66A1297,true,0,1,2026-02-14T06:20:40.607Z,,2026-02-14T06:20:40.619Z
REACTIVATION_30D,QLX-REACT-30D-3D308BAF50,true,0,1,2026-02-14T06:20:40.607Z,,2026-02-14T06:20:40.619Z
REACTIVATION_30D,QLX-REACT-30D-1460955B2A,true,0,1,2026-02-14T06:20:40.607Z,,2026-02-14T06:20:40.619Z
REACTIVATION_30D,QLX-REACT-30D-96336C66C6,true,0,1,2026-02-14T06:20:40.607Z,,2026-02-14T06:20:40.619Z
REACTIVATION_30D,QLX-REACT-30D-E81C4C2D52,true,0,1,2026-02-14T06:20:40.607Z,,2026-02-14T06:20:40.619Z
REACTIVATION_30D,QLX-REACT-30D-0B64F6358D,true,0,1,2026-02-14T06:20:40.607Z,,2026-02-14T06:20:40.619Z
REACTIVATION_30D,QLX-REACT-30D-EF657014F6,true,0,1,2026-02-14T06:20:40.607Z,,2026-02-14T06:20:40.619Z
REACTIVATION_30D,QLX-REACT-30D-019390D832,true,0,1,2026-02-14T06:20:40.607Z,,2026-02-14T06:20:40.619Z
REACTIVATION_30D,QLX-REACT-30D-147203A190,true,0,1,2026-02-14T06:20:40.607Z,,2026-02-14T06:20:40.619Z
REACTIVATION_30D,QLX-REACT-30D-7F9AA4CB08,true,0,1,2026-02-14T06:20:40.607Z,,2026-02-14T06:20:40.619Z
REACTIVATION_30D,QLX-REACT-30D-0F90EF9846,true,0,1,2026-02-14T06:20:40.607Z,,2026-02-14T06:20:40.619Z
REACTIVATION_30D,QLX-REACT-30D-C5C9DB1C8B,true,0,1,2026-02-14T06:20:40.607Z,,2026-02-14T06:20:40.619Z
REACTIVATION_30D,QLX-REACT-30D-274AC6054A,true,0,1,2026-02-14T06:20:40.607Z,,2026-02-14T06:20:40.619Z
REACTIVATION_30D,QLX-REACT-30D-8BFDB94915,true,0,1,2026-02-14T06:20:40.607Z,,2026-02-14T06:20:40.619Z
REACTIVATION_30D,QLX-REACT-30D-857DFBF1CC,true,0,1,2026-02-14T06:20:40.607Z,,2026-02-14T06:20:40.619Z
REACTIVATION_30D,QLX-REACT-30D-F23F8C4A05,true,0,1,2026-02-14T06:20:40.607Z,,2026-02-14T06:20:40.619Z
REACTIVATION_30D,QLX-REACT-30D-4C4418EBAE,true,0,1,2026-02-14T06:20:40.607Z,,2026-02-14T06:20:40.619Z
REACTIVATION_30D,QLX-REACT-30D-9C205BC3D5,true,0,1,2026-02-14T06:20:40.607Z,,2026-02-14T06:20:40.619Z
REACTIVATION_30D,QLX-REACT-30D-690CEA803D,true,0,1,2026-02-14T06:20:40.607Z,,2026-02-14T06:20:40.619Z
REACTIVATION_30D,QLX-REACT-30D-B90449AB82,true,0,1,2026-02-14T06:20:40.607Z,,2026-02-14T06:20:40.619Z
REACTIVATION_30D,QLX-REACT-30D-71D86EC041,true,0,1,2026-02-14T06:20:40.607Z,,2026-02-14T06:20:40.619Z
REACTIVATION_30D,QLX-REACT-30D-4012484283,true,0,1,2026-02-14T06:20:40.607Z,,2026-02-14T06:20:40.619Z
REACTIVATION_30D,QLX-REACT-30D-FE22CBB530,true,0,1,2026-02-14T06:20:40.607Z,,2026-02-14T06:20:40.619Z
REACTIVATION_30D,QLX-REACT-30D-E808F59E4F,true,0,1,2026-02-14T06:20:40.607Z,,2026-02-14T06:20:40.619Z
REACTIVATION_30D,QLX-REACT-30D-A5644ADB02,true,0,1,2026-02-14T06:20:40.607Z,,2026-02-14T06:20:40.619Z
REACTIVATION_30D,QLX-REACT-30D-2925A0E58F,true,0,1,2026-02-14T06:20:40.607Z,,2026-02-14T06:20:40.619Z
REACTIVATION_30D,QLX-REACT-30D-7645AA983E,true,0,1,2026-02-14T06:20:40.607Z,,2026-02-14T06:20:40.619Z
REACTIVATION_30D,QLX-REACT-30D-835AB79E00,true,0,1,2026-02-14T06:20:40.607Z,,2026-02-14T06:20:40.619Z
REACTIVATION_30D,QLX-REACT-30D-CFF67F0208,true,0,1,2026-02-14T06:20:40.607Z,,2026-02-14T06:20:40.619Z
REACTIVATION_30D,QLX-REACT-30D-5501851A5D,true,0,1,2026-02-14T06:20:40.607Z,,2026-02-14T06:20:40.619Z
REACTIVATION_30D,QLX-REACT-30D-164283EEC5,true,0,1,2026-02-14T06:20:40.607Z,,2026-02-14T06:20:40.619Z
REACTIVATION_30D,QLX-REACT-30D-31F46C0ED2,true,0,1,2026-02-14T06:20:40.607Z,,2026-02-14T06:20:40.619Z
REACTIVATION_30D,QLX-REACT-30D-F7843A5A9C,true,0,1,2026-02-14T06:20:40.607Z,,2026-02-14T06:20:40.619Z
REACTIVATION_30D,QLX-REACT-30D-B2DF916D2B,true,0,1,2026-02-14T06:20:40.607Z,,2026-02-14T06:20:40.619Z
REACTIVATION_30D,QLX-REACT-30D-9DFECCBBAF,true,0,1,2026-02-14T06:20:40.607Z,,2026-02-14T06:20:40.619Z
REACTIVATION_30D,QLX-REACT-30D-810C059FE3,true,0,1,2026-02-14T06:20:40.607Z,,2026-02-14T06:20:40.619Z
REACTIVATION_30D,QLX-REACT-30D-7654B49B58,true,0,1,2026-02-14T06:20:40.607Z,,2026-02-14T06:20:40.619Z
REACTIVATION_30D,QLX-REACT-30D-DB2D04CD32,true,0,1,2026-02-14T06:20:40.607Z,,2026-02-14T06:20:40.619Z
REACTIVATION_30D,QLX-REACT-30D-10749CDEC6,true,0,1,2026-02-14T06:20:40.607Z,,2026-02-14T06:20:40.619Z
REACTIVATION_30D,QLX-REACT-30D-0626B9AB56,true,0,1,2026-02-14T06:20:40.607Z,,2026-02-14T06:20:40.619Z
REACTIVATION_30D,QLX-REACT-30D-C93C933EB5,true,0,1,2026-02-14T06:20:40.607Z,,2026-02-14T06:20:40.619Z
REACTIVATION_30D,QLX-REACT-30D-02F1124A4E,true,0,1,2026-02-14T06:20:40.607Z,,2026-02-14T06:20:40.619Z
REACTIVATION_30D,QLX-REACT-30D-18E81C2DA4,true,0,1,2026-02-14T06:20:40.607Z,,2026-02-14T06:20:40.619Z